﻿Name,Key points,Tags,Created
maximum rectangle sum,,"2D Array, arrays, dp, kadanes, prefixsum","October 9, 2022 11:34 AM"
infinite array sum,,"arrays, prefixsum","October 9, 2022 11:34 AM"
Longest sub-array with sum equal to k,,"arrays, hashmaps, prefixsum","July 13, 2023 12:14 AM"
count all sub-array with sum equal to k,,"arrays, prefixsum, two-pointers","July 13, 2023 12:15 AM"
count all sub-arrays sum divisible by k,,"arrays, prefixsum","July 13, 2023 12:20 AM"
Pair Sum,"- Find sum -arr[i] in hash map
- Handle duplicate elements using count","arrays, hasing","July 13, 2023 12:00 PM"
Longest consecutive sequence,use set and start iterating when you don’t find previous value in set.,"arrays, set","July 13, 2023 12:01 PM"
best time to Buy and sell  stocks-II,just buy at where the next day price increases and sell at where the next day price decreases.,arrays,"July 14, 2023 7:00 PM"
Non-decreasing Array,see code again,arrays,"July 14, 2023 7:30 PM"
"second largest element ",store the max value index and if not maximum value then apply max to find second max value,arrays,"July 14, 2023 7:51 PM"
Minimum platforms,"TC: O(NlogN) ,SC: O(N)
sort both arrays and traverse them while incrementing platforms if arrival time is less than the departure time else decrement if departed. and return the max platforms.","arrays, sorting","July 21, 2023 11:25 PM"
set matrix zero,keeping a track of zeroes,2D Array,"July 22, 2023 1:45 AM"
Pascal’s Triangle,Optimal time complexity : O(N*N),arrays,"July 23, 2023 12:24 PM"
Next permutation,"3 analysis
1. finding the largest prefix 
2. swapping it with the next greater element 
3. reversing the remaining part",arrays,"July 23, 2023 11:51 PM"
left and right rotation,,strings,"July 23, 2023 11:52 PM"
minimum parentheses,,strings,"July 23, 2023 11:53 PM"
Best time to buy and sell stocks 1,Keep track of minimum val and find the profit,"arrays, dp","July 24, 2023 12:18 PM"
Find All Triplets With Zero Sum,"using two pointers approach
TC: O(NlogN) +O(N*N)","arrays, sorting, two pointer","July 25, 2023 5:09 PM"
Largest Mountain,"finding peak element and then finding left and right length. then return the max len.
TC: O(N)
SC: O(1)","arrays, two-pointers","July 25, 2023 5:52 PM"
Max water container,"1 pointer(i) from start and another(j)  from end.
find area with min value from 1st and 2nd pointer with length(j-i).
increment or decrement  point of which min value you  chose.","arrays, two-pointers","July 25, 2023 11:54 PM"
"Matrix is symmetric ",just check col and row elements are equal or not,"2D Array, arrays","July 29, 2023 11:06 PM"
Good sub arrays," finding prefix sum ","arrays, prefixsum","July 31, 2023 11:57 AM"
Spiral matrix,TC:O(N*M). SC:O(1),2D Array,"August 1, 2023 4:57 PM"
Spiral matrix 2,,2D Array,"August 2, 2023 12:04 AM"
Tower of hanoi,just use recursion for 3 disks,recursion,"August 2, 2023 12:29 AM"
Allocate books,"1. Searching solution range (min value - sum of all elements)
2. finding feasible solutions
3. finding minimum in feasible solutions",binary search,"August 11, 2023 2:25 AM"
Sorted insert position,,binary search,"August 11, 2023 2:33 AM"
Search for a range,,binary search,"August 11, 2023 2:37 AM"
Search in a 2D matrix,"Optimal solution is using binary search 
TC: O(logm)
i**nd=matrix[mid/m][mid%m];**","2D Array, binary search","August 11, 2023 8:32 PM"
Wood cutting made easy,long long int ….,binary search,"August 12, 2023 12:58 AM"
intersection of 2 sorted arrays,,"arrays, two-pointers","August 13, 2023 1:21 AM"
Pair with given difference,"1. using unordered map, TC:O(N)
2. using  two pointers,TC:O(nlogn)","arrays, two pointer","August 14, 2023 12:33 AM"
3sum,"p1<p2 —> remember that because we have to search in that range only
TC: O(n^2)","arrays, two-pointers","August 14, 2023 2:25 PM"
Hotel Booking,,"pair, vectors","August 21, 2023 3:56 PM"
maxSum of B elements,,"prefixsum, suffixsum","August 21, 2023 3:58 PM"
find permutation,,arrays,"August 21, 2023 3:59 PM"
stack using array,,"arrays, stacks","August 21, 2023 4:00 PM"
queue using array,,"arrays, queue","August 21, 2023 4:01 PM"
"linkedlist cycle ",,linkedlist,"August 21, 2023 4:14 PM"
Add two numbers,,linkedlist,"August 21, 2023 4:15 PM"
merge two sorted lists,,linkedlist,"August 21, 2023 4:16 PM"
rotate list,,linkedlist,"August 21, 2023 4:23 PM"
"partition ",,linkedlist,"August 21, 2023 4:25 PM"
https://leetcode.com/problems/koko-eating-bananas/,,"arrays, binary search","August 25, 2023 6:20 PM"
Counting Sub arrays!,start-end+1,"arrays, two-pointers","August 28, 2023 11:10 PM"
https://leetcode.com/problems/is-subsequence/,,two-pointers,"August 31, 2023 2:46 PM"
https://leetcode.com/problems/two-sum-ii-input-array-is-sorted/,,two-pointers,"August 31, 2023 2:53 PM"
min diff -3Sum,,two-pointers,"September 2, 2023 11:34 PM"
Array 3 pointers,,"arrays, two-pointers","September 5, 2023 1:12 AM"
Largest  rectangle area (hard),how to use stack?  and see 2 nd solution using next lesser element,"arrays, stacks","September 5, 2023 11:14 PM"
https://leetcode.com/problems/minimum-size-subarray-sum/,"see implementation ","arrays, sliding window","September 6, 2023 10:16 PM"
https://leetcode.com/problems/longest-substring-without-repeating-characters/,use set datastructure,"arrays, sliding window","September 6, 2023 11:26 PM"
Stock span problem,,stacks,"September 6, 2023 11:28 PM"
Smallest number on left,,stacks,"September 6, 2023 11:30 PM"
Next Smaller Element,,stacks,"September 6, 2023 11:31 PM"
https://leetcode.com/problems/next-greater-element-i/,,stacks,"September 6, 2023 11:32 PM"
permutations,,"Backtracking, recursion","September 7, 2023 1:15 AM"
subset,,"Backtracking, recursion","September 7, 2023 11:31 PM"
subset sum,,"Backtracking, recursion","September 7, 2023 11:55 PM"
subset 2,,"Backtracking, recursion","September 8, 2023 12:34 AM"
"pow(x,n)",,recursion,"September 13, 2023 5:13 PM"
All possible combinations,,"Backtracking, recursion","September 13, 2023 8:03 PM"
combination sum 2,,"Backtracking, recursion","September 13, 2023 9:21 PM"
Combination sum,,Backtracking,"September 16, 2023 12:29 AM"
letter phone,,Backtracking,"September 16, 2023 12:30 AM"
Nqueens,,Backtracking,"September 16, 2023 11:14 PM"
Maximal string,,Backtracking,"September 17, 2023 1:30 AM"
Subset,,dp,"September 24, 2023 10:18 PM"
unbounded knapsack,,dp,"September 25, 2023 4:41 PM"
0-1 knapsack,,dp,"September 25, 2023 4:42 PM"
count subsets with sum k,,dp,"September 25, 2023 4:49 PM"
partitions with given difference,,dp,"September 25, 2023 4:50 PM"
Rod cutting,,dp,"September 25, 2023 4:53 PM"
Coin change,,dp,"September 25, 2023 6:52 PM"
Longest common sub sequence,,"dp, strings","September 29, 2023 12:55 PM"
longest common palindromic sequence,,"dp, strings","September 29, 2023 12:55 PM"
Edit distance,,"dp, strings","September 29, 2023 12:56 PM"
Print LCS,,"dp, strings","September 29, 2023 12:56 PM"
shortest common super sequence,,"dp, strings","October 1, 2023 12:31 AM"
printing scss,check again,"dp, strings","October 1, 2023 12:33 AM"
removing digits,see again,"1D dp, dp","October 1, 2023 12:34 AM"
Longest repeating sequence,,dp,"October 3, 2023 11:11 PM"
matrix chain multiplication,,"MCM, dp","October 5, 2023 7:10 PM"
Min score triangulation of polygon,,"MCM, dp","October 6, 2023 12:43 AM"
Longest increasing sub sequence,"1. instead of finding the sequence which start the number, try to find how many sequences end the current number.","arrays, dp","October 7, 2023 4:24 PM"
Min sum Path,"trying all possible ways using dp
",dp,"October 7, 2023 4:31 PM"
Increasing path in matrix,least possible longest length can be m+n-1,dp,"October 7, 2023 4:33 PM"
stairs,,dp,"October 7, 2023 4:47 PM"
Palindrome partitioning,,"MCM, dp, striver","October 7, 2023 6:55 PM"
Tree traversals,"In order, pre order, post order","DFS, Traversal, Trees","October 9, 2023 7:33 PM"
left view of a binary tree,,"Trees, striver","October 10, 2023 12:57 AM"
Sum root to leaf numbers,used preorder traversal to solve,"Traversal, Trees","October 10, 2023 6:01 PM"
Sum root to leaf numbers 2,,"Traversal, Trees","October 10, 2023 6:05 PM"
Path Sum,,"Traversal, Trees","October 10, 2023 6:06 PM"
max depth of a tree,,Trees,"October 10, 2023 6:08 PM"
Level order traversal (BFS),,"Traversal, Trees","October 10, 2023 11:34 PM"
Top view of a tree,"- using level order traversal and horizontal distance we find the top view ","Traversal, Trees","October 11, 2023 6:05 AM"
Bottom view of a binary tree,,Trees,"October 11, 2023 6:45 AM"
Vertical traversal of a binary tree,level order traversal + horizontal distance,Trees,"October 11, 2023 4:19 PM"
Max width of a binary tree,"~ 2*idx+1 is to find the index of a left node 
and
~  2*idx+2 for right node
~ idx is the previous index - min value of current level which is start",Trees,"October 11, 2023 6:49 PM"
Right view of binary tree,use maxlevel to avoid storing  same level data,Trees,"October 11, 2023 8:04 PM"
Reverse level order,pass the  right node  first and reverse the final vector,Trees,"October 11, 2023 8:20 PM"
Vertical order (interview bit),,Trees,"October 11, 2023 8:25 PM"
vertical sum,,Trees,"October 11, 2023 8:47 PM"
Boundary traversal,,Trees,"October 13, 2023 2:56 AM"
Diameter of a tree,,"Trees, recursion","October 13, 2023 2:58 AM"
Lowest common ancestor of a tree,,Trees,"October 13, 2023 2:59 AM"
Nodes at a distance K,,"BFS, Trees, queues","October 13, 2023 3:00 AM"
" Subtree of another tree",,"Trees, recursion","October 13, 2023 3:52 PM"
zigzag traversal,,Trees,"October 13, 2023 3:53 PM"
leaf at same level,,"BFS, Trees, queues","October 13, 2023 7:17 PM"
Binary Tree Maximum Path Sum,,Trees,"October 13, 2023 7:18 PM"
Transform to sum tree,,"Trees, recursion","October 13, 2023 7:45 PM"
invert tree,,"Trees, recursion","October 13, 2023 8:05 PM"
Is Balanced Tree,,"Trees, recursion","October 13, 2023 8:22 PM"
Check if a tree is isomorphic,,"Trees, recursion","October 14, 2023 4:08 PM"
Duplicate subtree in Binary tree,,"Trees, recursion","October 14, 2023 6:34 PM"
same tree,,"Trees, recursion","October 14, 2023 6:35 PM"
Construct Tree using preorder and inorder,,Trees,"October 14, 2023 6:38 PM"
Validate BST,,"BST, Trees, recursion","October 15, 2023 6:27 PM"
Minimum element in BST,,"BST, Trees, recursion","October 15, 2023 7:53 PM"
Insert into a Binary Search Tree,,"BST, Trees, recursion","October 15, 2023 7:54 PM"
Search in a Binary Search Tree,,"BST, Trees, recursion","October 15, 2023 7:55 PM"
Path in directed graphs,,"DFS, Graphs","October 16, 2023 7:24 PM"
Topological Sort,,"DFS, Graphs","October 26, 2023 11:42 PM"
Stepping numbers,,"DFS, Graphs","October 26, 2023 11:43 PM"
path with good nodes,,"DFS, Graphs","October 27, 2023 1:12 AM"
Valid path,,"BFS, Graphs","October 27, 2023 12:46 PM"
Snake and ladder,,"BFS, Graphs","October 27, 2023 7:32 PM"
covid spread,,Graphs,"October 29, 2023 6:13 PM"
Bell Man Ford  negative cycle,,Graphs,"October 29, 2023 11:21 PM"
Detect a cycle in a directed graph,,DFS,"October 30, 2023 12:42 AM"
Steps by knight,,"BFS, Graphs","October 30, 2023 2:44 AM"
Flood Fill,,"DFS, Graphs","October 31, 2023 2:16 AM"
Number of Operations to Make Network Connected,connected components,"DFS, Graphs","October 31, 2023 2:17 AM"
Reach the queen,no of ways to reach a point (dp),"DFS, Graphs, dp","October 31, 2023 2:19 AM"
Minimum time taken by each job to be completed given by a Directed Acyclic Graph,kahn’s algorithm for topological sorting,"BFS, Graphs","October 31, 2023 3:30 AM"
Detect a cycle in undirected graph,,Graphs,"October 31, 2023 6:02 PM"
"Dijkstra algorithm ",finding shortest path for every node,Graphs,"November 3, 2023 10:55 PM"
M coloring graphs,,"Backtracking, Graphs","November 4, 2023 12:39 AM"
Number of islands,using connected components,"BFS, Graphs","November 5, 2023 1:30 AM"
Is Graph Bipartite?,"simply we do this by coloring the node such that no two adjacent nodes have same color.
if they have same color then graph is not bipartite.","BFS, DFS, Graphs","November 5, 2023 2:09 AM"
Activity Selection,"sorting the array based on end time .
use min heap  to store them.",Greedy,"November 7, 2023 7:13 PM"
"Maximize Toys ",,Greedy,"November 13, 2023 8:44 PM"
Choose and swap,,Greedy,"November 13, 2023 8:47 PM"
Page faults in LRU,,Greedy,"November 13, 2023 10:04 PM"
Minimum Range Query,Square root decomposition and segment trees,"arrays, segment trees","November 13, 2023 11:38 PM"
Static Sum queries,,segment trees,"November 14, 2023 12:48 PM"
Dynamic Sum queries,,segment trees,"November 14, 2023 12:50 PM"
Numbers With Same Consecutive Differences,,recurssion,"November 16, 2023 5:46 PM"
count all substrings with unique characters,,two-pointers,"November 19, 2023 6:06 PM"
Longest consecutive sequence,,"arrays, hashmaps","November 22, 2023 12:38 AM"
Merge Intervals,,arrays,"November 28, 2023 8:22 PM"
Steps to make an array non decreasing,,"arrays, stacks","November 29, 2023 3:24 PM"
Evaluate Division,Try solving this using graphs,"Backtracking, DFS, Graphs","November 30, 2023 12:30 AM"
918. Maximum Sum Circular Subarray,,"arrays, kadanes","November 30, 2023 12:56 AM"
Majority element,Moore’s voting law,arrays,"November 30, 2023 1:00 AM"
Maximum sum of  non adjacent elements,pick and non pick,"1D dp, dp, recursion","December 2, 2023 5:01 PM"
Second largest,,arrays,"December 2, 2023 6:28 PM"
Max product subarray,,arrays,"December 7, 2023 9:25 PM"
Implement Trie (Prefix Tree),,trie,"December 7, 2023 9:25 PM"